,video_id,published_at,year_published,viewCount,likeCount,dislikeCount,favoriteCount,commentCount,title,thumpnail,video_link,episode_number,title_new,total_like_dislike,like_ratio
1,VS5wg0p2-h4,11/27/2020 5:30,2020,388753,15797,293,0,4231,The Official Podcast #208: Australia Banned Hentai,https://i.ytimg.com/vi/VS5wg0p2-h4/mqdefault.jpg,https://www.youtube.com/watch?v=VS5wg0p2-h4,208, Australia Banned Hentai,16090,98
2,lXQPqGDvlJ0,11/20/2020 5:30,2020,156845,6495,94,0,818,The Official Podcast #207: Andrew's Assassination,https://i.ytimg.com/vi/lXQPqGDvlJ0/mqdefault.jpg,https://www.youtube.com/watch?v=lXQPqGDvlJ0,207, Andrew's Assassination,6589,99
3,Rg68p_PdjfU,11/13/2020 5:34,2020,2226709,103611,2044,0,13714,The Official Podcast #206: Belle Delphine Explains Everything,https://i.ytimg.com/vi/Rg68p_PdjfU/mqdefault.jpg,https://www.youtube.com/watch?v=Rg68p_PdjfU,206, Belle Delphine Explains Everything,105655,98
4,_0m3KWLKOWQ,11/6/2020 5:30,2020,287488,9139,147,0,1197,The Official Podcast #205: Back to Runescape Prison with Josh Pillault,https://i.ytimg.com/vi/_0m3KWLKOWQ/mqdefault.jpg,https://www.youtube.com/watch?v=_0m3KWLKOWQ,205, Back to Runescape Prison with Josh Pillault,9286,98
5,SshWxdMdNpk,10/23/2020 4:15,2020,142227,5136,132,0,820,The Official Podcast #203: Battlebots on the Moon,https://i.ytimg.com/vi/SshWxdMdNpk/mqdefault.jpg,https://www.youtube.com/watch?v=SshWxdMdNpk,203, Battlebots on the Moon,5268,97
6,kWiMTA1en44,10/16/2020 5:15,2020,165326,5405,110,0,811,The Official Podcast #202: Operation Destroy Sydney Opera House,https://i.ytimg.com/vi/kWiMTA1en44/mqdefault.jpg,https://www.youtube.com/watch?v=kWiMTA1en44,202, Operation Destroy Sydney Opera House,5515,98
7,nGFvwRTrHLY,10/9/2020 6:29,2020,303953,8975,332,0,1400,The Official Podcast #201: It's High Noon,https://i.ytimg.com/vi/nGFvwRTrHLY/mqdefault.jpg,https://www.youtube.com/watch?v=nGFvwRTrHLY,201, It's High Noon,9307,96
8,TS6nZhIZDLI,10/2/2020 5:31,2020,279115,9664,161,0,1110,The Official Podcast #200: The 200th Episode Celebration,https://i.ytimg.com/vi/TS6nZhIZDLI/mqdefault.jpg,https://www.youtube.com/watch?v=TS6nZhIZDLI,200, The 200th Episode Celebration,9825,98
9,TxcW-6Y0tXA,9/18/2020 5:39,2020,218349,8286,135,0,1315,The Official Podcast #198: America's Penis with Mista GG,https://i.ytimg.com/vi/TxcW-6Y0tXA/mqdefault.jpg,https://www.youtube.com/watch?v=TxcW-6Y0tXA,198, America's Penis with Mista GG,8421,98
10,T_cGXM6sEGU,9/11/2020 5:29,2020,334132,10559,233,0,1485,The Official Podcast #197: Charlie Exposed,https://i.ytimg.com/vi/T_cGXM6sEGU/mqdefault.jpg,https://www.youtube.com/watch?v=T_cGXM6sEGU,197, Charlie Exposed,10792,98
11,XdU9dAu-E2I,9/4/2020 5:37,2020,176494,7144,138,0,1164,The Official Podcast #196: Tik Tok Drama with FUNKe,https://i.ytimg.com/vi/XdU9dAu-E2I/mqdefault.jpg,https://www.youtube.com/watch?v=XdU9dAu-E2I,196, Tik Tok Drama with FUNKe,7282,98
12,L4UJ1gHkzaY,8/28/2020 5:48,2020,172831,6149,109,0,795,The Official Podcast #195: Culling the Animal Kingdom,https://i.ytimg.com/vi/L4UJ1gHkzaY/mqdefault.jpg,https://www.youtube.com/watch?v=L4UJ1gHkzaY,195, Culling the Animal Kingdom,6258,98
13,JMt93Fh_nCE,8/21/2020 5:30,2020,140607,5072,131,0,1039,The Official Podcast #194: Smegmosis,https://i.ytimg.com/vi/JMt93Fh_nCE/mqdefault.jpg,https://www.youtube.com/watch?v=JMt93Fh_nCE,194, Smegmosis,5203,97
14,0cQ5WrdvtuU,8/14/2020 5:00,2020,149703,5393,125,0,918,The Official Podcast #193: New Ways To Wipe Your Ass,https://i.ytimg.com/vi/0cQ5WrdvtuU/mqdefault.jpg,https://www.youtube.com/watch?v=0cQ5WrdvtuU,193, New Ways To Wipe Your Ass,5518,98
15,kbwFwNx78Ko,8/7/2020 5:30,2020,260701,7085,218,0,1508,The Official Podcast #192: Dinosaurs Are Finally Cool,https://i.ytimg.com/vi/kbwFwNx78Ko/mqdefault.jpg,https://www.youtube.com/watch?v=kbwFwNx78Ko,192, Dinosaurs Are Finally Cool,7303,97
16,CBZ5VZTjpHU,7/31/2020 5:57,2020,244102,7225,193,0,1071,The Official Podcast #191: Sad Will Smith,https://i.ytimg.com/vi/CBZ5VZTjpHU/mqdefault.jpg,https://www.youtube.com/watch?v=CBZ5VZTjpHU,191, Sad Will Smith,7418,97
17,5-sZ2uoVLkk,7/24/2020 5:45,2020,196846,6053,155,0,1008,The Official Podcast #190: The Hexing of Zuckerberg's Moon,https://i.ytimg.com/vi/5-sZ2uoVLkk/mqdefault.jpg,https://www.youtube.com/watch?v=5-sZ2uoVLkk,190, The Hexing of Zuckerberg's Moon,6208,98
18,n6nm09spZA0,7/17/2020 4:59,2020,218796,6295,273,0,1800,The Official Podcast #189: Cultural Differences with Albino,https://i.ytimg.com/vi/n6nm09spZA0/mqdefault.jpg,https://www.youtube.com/watch?v=n6nm09spZA0,189, Cultural Differences with Albino,6568,96
19,_1VQFhCjByc,7/10/2020 5:26,2020,333194,10870,291,0,1520,The Official Podcast #188: President Kanye,https://i.ytimg.com/vi/_1VQFhCjByc/mqdefault.jpg,https://www.youtube.com/watch?v=_1VQFhCjByc,188, President Kanye,11161,97
20,vV-NR4GXn-I,7/3/2020 22:00,2020,169824,5593,224,0,754,The Official Podcast #187: Australian Dangers with FriendlyJordies,https://i.ytimg.com/vi/vV-NR4GXn-I/mqdefault.jpg,https://www.youtube.com/watch?v=vV-NR4GXn-I,187, Australian Dangers with FriendlyJordies,5817,96
21,WBp9B8ceaJY,6/26/2020 5:00,2020,175112,5693,217,0,1286,The Official Podcast #186: Leave Tony Alone,https://i.ytimg.com/vi/WBp9B8ceaJY/mqdefault.jpg,https://www.youtube.com/watch?v=WBp9B8ceaJY,186, Leave Tony Alone,5910,96
22,BPjE9x0W7Xg,6/19/2020 5:56,2020,183042,5470,130,0,804,The Official Podcast #185: The Ultimate Chip with Doug,https://i.ytimg.com/vi/BPjE9x0W7Xg/mqdefault.jpg,https://www.youtube.com/watch?v=BPjE9x0W7Xg,185, The Ultimate Chip with Doug,5600,98
23,HsdqVDt75e4,6/12/2020 6:06,2020,157141,4595,88,0,493,The Official Podcast #184: The Moon Ninja Saga,https://i.ytimg.com/vi/HsdqVDt75e4/mqdefault.jpg,https://www.youtube.com/watch?v=HsdqVDt75e4,184, The Moon Ninja Saga,4683,98
24,DnisY4lWKQ0,6/5/2020 5:35,2020,165489,5354,115,0,670,The Official Podcast #183: Super Simp,https://i.ytimg.com/vi/DnisY4lWKQ0/mqdefault.jpg,https://www.youtube.com/watch?v=DnisY4lWKQ0,183, Super Simp,5469,98
25,YQZzJs_a1_w,5/29/2020 5:43,2020,150532,4469,105,0,574,The Official Podcast #182: Shaft Snatchers,https://i.ytimg.com/vi/YQZzJs_a1_w/mqdefault.jpg,https://www.youtube.com/watch?v=YQZzJs_a1_w,182, Shaft Snatchers,4574,98
26,#NAME?,5/22/2020 5:37,2020,221562,6458,279,0,1190,The Official Podcast #181: We Circumcise Each Other,https://i.ytimg.com/vi/-Sfuk0Uhabc/mqdefault.jpg,https://www.youtube.com/watch?v=-Sfuk0Uhabc,181, We Circumcise Each Other,6737,96
27,YFPTuof22eI,5/15/2020 5:00,2020,135009,3933,109,0,623,The Official Podcast #180: Fanny Goes For Gold,https://i.ytimg.com/vi/YFPTuof22eI/mqdefault.jpg,https://www.youtube.com/watch?v=YFPTuof22eI,180, Fanny Goes For Gold,4042,97
28,tY5GM0pQMEU,5/8/2020 5:35,2020,184147,4760,199,0,854,The Official Podcast #179: Directed By Zack Snyder,https://i.ytimg.com/vi/tY5GM0pQMEU/mqdefault.jpg,https://www.youtube.com/watch?v=tY5GM0pQMEU,179, Directed By Zack Snyder,4959,96
29,zIHMoOppxmY,5/1/2020 5:30,2020,257236,10509,127,0,1153,The Official Podcast #178: Ordinary Sausage,https://i.ytimg.com/vi/zIHMoOppxmY/mqdefault.jpg,https://www.youtube.com/watch?v=zIHMoOppxmY,178, Ordinary Sausage,10636,99
30,FY43fUft0yg,4/24/2020 5:30,2020,177355,5519,116,0,859,The Official Podcast #177: Nick Wolfhard and the Perils of Voice Acting,https://i.ytimg.com/vi/FY43fUft0yg/mqdefault.jpg,https://www.youtube.com/watch?v=FY43fUft0yg,177, Nick Wolfhard and the Perils of Voice Acting,5635,98
31,QRo8rhVvWUI,4/17/2020 5:15,2020,168230,4857,151,0,911,The Official Podcast #176: Jesus Christ Allin Has Risen,https://i.ytimg.com/vi/QRo8rhVvWUI/mqdefault.jpg,https://www.youtube.com/watch?v=QRo8rhVvWUI,176, Jesus Christ Allin Has Risen,5008,97
32,Le0wyfegQsk,4/10/2020 6:00,2020,167654,5133,167,0,1019,The Official Podcast #175: Pray The Corona Away,https://i.ytimg.com/vi/Le0wyfegQsk/mqdefault.jpg,https://www.youtube.com/watch?v=Le0wyfegQsk,175, Pray The Corona Away,5300,97
33,EiEyHRfiT2M,4/3/2020 5:30,2020,220932,6047,132,0,862,The Official Podcast #174: Lawrence Sonntag & The Deep Web,https://i.ytimg.com/vi/EiEyHRfiT2M/mqdefault.jpg,https://www.youtube.com/watch?v=EiEyHRfiT2M,174, Lawrence Sonntag & The Deep Web,6179,98
34,PcBzbwecJgk,3/27/2020 6:24,2020,246793,6233,128,0,1056,The Official Podcast #173: Bruce Greene and the 5G Coronavirus Conspiracy,https://i.ytimg.com/vi/PcBzbwecJgk/mqdefault.jpg,https://www.youtube.com/watch?v=PcBzbwecJgk,173, Bruce Greene and the 5G Coronavirus Conspiracy,6361,98
35,FaIImbI3gEc,3/20/2020 5:56,2020,488447,22108,314,0,2221,The Official Podcast #172: SomeOrdinaryGamers,https://i.ytimg.com/vi/FaIImbI3gEc/mqdefault.jpg,https://www.youtube.com/watch?v=FaIImbI3gEc,172, SomeOrdinaryGamers,22422,99
36,aLxagau_HqQ,3/13/2020 20:28,2020,168656,5089,153,0,973,The Official Podcast #171: The Great Toilet Paper Shortage,https://i.ytimg.com/vi/aLxagau_HqQ/mqdefault.jpg,https://www.youtube.com/watch?v=aLxagau_HqQ,171, The Great Toilet Paper Shortage,5242,97
37,gZFip1dnYF4,3/6/2020 6:30,2020,182990,5006,106,0,606,The Official Podcast #170: Using Your Ass Could Prevent a Plane Crash,https://i.ytimg.com/vi/gZFip1dnYF4/mqdefault.jpg,https://www.youtube.com/watch?v=gZFip1dnYF4,170, Using Your Ass Could Prevent a Plane Crash,5112,98
38,abzfor33Z0g,2/28/2020 6:30,2020,146309,3765,68,0,590,The Official Podcast #169: Mad Mike Down,https://i.ytimg.com/vi/abzfor33Z0g/mqdefault.jpg,https://www.youtube.com/watch?v=abzfor33Z0g,169, Mad Mike Down,3833,98
39,utylpRGMwKc,2/21/2020 7:18,2020,976766,27511,527,0,4698,The Official Podcast #168: 6 Years in Prison for Runescape,https://i.ytimg.com/vi/utylpRGMwKc/mqdefault.jpg,https://www.youtube.com/watch?v=utylpRGMwKc,168, 6 Years in Prison for Runescape,28038,98
40,TdYG8luFnLA,2/14/2020 6:30,2020,178224,5884,94,0,644,The Official Podcast #167 With Justin Whang,https://i.ytimg.com/vi/TdYG8luFnLA/mqdefault.jpg,https://www.youtube.com/watch?v=TdYG8luFnLA,167,With Justin Whang,5978,98
41,dnGxAOq3ZD4,2/7/2020 7:07,2020,167227,4521,104,0,761,The Official Podcast #166: Kaya Retires,https://i.ytimg.com/vi/dnGxAOq3ZD4/mqdefault.jpg,https://www.youtube.com/watch?v=dnGxAOq3ZD4,166, Kaya Retires,4625,98
42,aOYbtG4AAo4,1/31/2020 6:44,2020,119718,4375,89,0,597,The Official Podcast #165 With Lewis Spears,https://i.ytimg.com/vi/aOYbtG4AAo4/mqdefault.jpg,https://www.youtube.com/watch?v=aOYbtG4AAo4,165,With Lewis Spears,4464,98
43,_PvL3us9le8,1/24/2020 6:00,2020,181528,4861,130,0,707,The Official Podcast #164 With Jackson Clarke,https://i.ytimg.com/vi/_PvL3us9le8/mqdefault.jpg,https://www.youtube.com/watch?v=_PvL3us9le8,164,With Jackson Clarke,4991,97
44,PhlPn4oVyi0,1/17/2020 6:00,2020,199093,5617,109,0,813,The Official Podcast #163: Jackson Quit Again (For Real),https://i.ytimg.com/vi/PhlPn4oVyi0/mqdefault.jpg,https://www.youtube.com/watch?v=PhlPn4oVyi0,163, Jackson Quit Again (For Real),5726,98
45,46upBcp4ZcM,1/10/2020 7:00,2020,138198,4018,69,0,581,The Official Podcast #162: Jackson Returns,https://i.ytimg.com/vi/46upBcp4ZcM/mqdefault.jpg,https://www.youtube.com/watch?v=46upBcp4ZcM,162, Jackson Returns,4087,98
46,7UQHB4AVUOo,1/3/2020 6:00,2020,274551,7152,237,0,1434,The Official Podcast #161: Jackson Quits,https://i.ytimg.com/vi/7UQHB4AVUOo/mqdefault.jpg,https://www.youtube.com/watch?v=7UQHB4AVUOo,161, Jackson Quits,7389,97
47,OQY76Jfq8Zs,12/28/2019 6:30,2019,158100,4413,98,0,546,The Official Podcast #160: Ticketmaster Sucks,https://i.ytimg.com/vi/OQY76Jfq8Zs/mqdefault.jpg,https://www.youtube.com/watch?v=OQY76Jfq8Zs,160, Ticketmaster Sucks,4511,98
48,FtxotxJjtS8,12/20/2019 7:05,2019,140948,3946,82,0,542,The Official Podcast #159: Building a Better Future,https://i.ytimg.com/vi/FtxotxJjtS8/mqdefault.jpg,https://www.youtube.com/watch?v=FtxotxJjtS8,159, Building a Better Future,4028,98
49,MdnoATDhnzM,12/13/2019 6:20,2019,130977,3735,217,0,842,The Official Podcast #158: Matt Walsh Rule 34,https://i.ytimg.com/vi/MdnoATDhnzM/mqdefault.jpg,https://www.youtube.com/watch?v=MdnoATDhnzM,158, Matt Walsh Rule 34,3952,95
50,snOA_5LqDlU,12/6/2019 5:30,2019,152604,4756,87,0,707,The Official Podcast #157 With Doug and Anthony,https://i.ytimg.com/vi/snOA_5LqDlU/mqdefault.jpg,https://www.youtube.com/watch?v=snOA_5LqDlU,157,With Doug and Anthony,4843,98
51,4Dba-Lp-J58,11/29/2019 6:30,2019,291542,12106,147,0,2077,The Official Podcast #156: Webcams Activated,https://i.ytimg.com/vi/4Dba-Lp-J58/mqdefault.jpg,https://www.youtube.com/watch?v=4Dba-Lp-J58,156, Webcams Activated,12253,99
52,EE7bX6q9yT8,11/22/2019 5:30,2019,140008,3572,76,0,334,The Official Podcast #155: House of Horrors,https://i.ytimg.com/vi/EE7bX6q9yT8/mqdefault.jpg,https://www.youtube.com/watch?v=EE7bX6q9yT8,155, House of Horrors,3648,98
53,QQPMl-tF43I,11/15/2019 5:00,2019,215247,8986,140,0,1340,The Official Podcast #154 With John McAfee,https://i.ytimg.com/vi/QQPMl-tF43I/mqdefault.jpg,https://www.youtube.com/watch?v=QQPMl-tF43I,154,With John McAfee,9126,98
54,DGgdKTxTqOY,11/8/2019 6:00,2019,126305,3371,114,0,518,The Official Podcast #153: The Shit Market,https://i.ytimg.com/vi/DGgdKTxTqOY/mqdefault.jpg,https://www.youtube.com/watch?v=DGgdKTxTqOY,153, The Shit Market,3485,97
55,LRZqIlTCHIQ,11/1/2019 4:00,2019,150043,3630,123,0,516,The Official Podcast #152: How Buff is Too Buff,https://i.ytimg.com/vi/LRZqIlTCHIQ/mqdefault.jpg,https://www.youtube.com/watch?v=LRZqIlTCHIQ,152, How Buff is Too Buff,3753,97
56,hB5bCsUGi7E,10/25/2019 5:00,2019,178287,5140,119,0,791,The Official Podcast #151: Banned In China,https://i.ytimg.com/vi/hB5bCsUGi7E/mqdefault.jpg,https://www.youtube.com/watch?v=hB5bCsUGi7E,151, Banned In China,5259,98
57,X8P2_2HUcCU,10/18/2019 4:00,2019,157502,4238,81,0,485,The Official Podcast #150: Mums vs Fortnite,https://i.ytimg.com/vi/X8P2_2HUcCU/mqdefault.jpg,https://www.youtube.com/watch?v=X8P2_2HUcCU,150, Mums vs Fortnite,4319,98
58,YuS7Sd-v6yc,10/11/2019 4:00,2019,235615,6269,152,0,715,The Official Podcast #149: We Live In A Society,https://i.ytimg.com/vi/YuS7Sd-v6yc/mqdefault.jpg,https://www.youtube.com/watch?v=YuS7Sd-v6yc,149, We Live In A Society,6421,98
59,cpyuuxA12bI,10/4/2019 4:00,2019,172239,4686,111,0,705,The Official Podcast #148: The Boys Make A Porn Game,https://i.ytimg.com/vi/cpyuuxA12bI/mqdefault.jpg,https://www.youtube.com/watch?v=cpyuuxA12bI,148, The Boys Make A Porn Game,4797,98
60,GKMwxMi7upg,9/27/2019 4:00,2019,205012,5379,169,0,883,The Official Podcast #147: The Most Furry Place On Earth,https://i.ytimg.com/vi/GKMwxMi7upg/mqdefault.jpg,https://www.youtube.com/watch?v=GKMwxMi7upg,147, The Most Furry Place On Earth,5548,97
61,uTQUsxDVjsc,9/20/2019 4:00,2019,117605,2720,96,0,286,The Official Podcast #146: Mr. Cool Ice Sells Sex Toys,https://i.ytimg.com/vi/uTQUsxDVjsc/mqdefault.jpg,https://www.youtube.com/watch?v=uTQUsxDVjsc,146, Mr. Cool Ice Sells Sex Toys,2816,97
62,XxfZgube18o,9/13/2019 4:30,2019,140819,4041,117,0,887,The Official Podcast #145: Our KPop Bias,https://i.ytimg.com/vi/XxfZgube18o/mqdefault.jpg,https://www.youtube.com/watch?v=XxfZgube18o,145, Our KPop Bias,4158,97
63,YuUHdWr6aNU,9/6/2019 4:00,2019,209131,8778,79,0,800,The Official Podcast #144 With Noel Miller,https://i.ytimg.com/vi/YuUHdWr6aNU/mqdefault.jpg,https://www.youtube.com/watch?v=YuUHdWr6aNU,144,With Noel Miller,8857,99
64,vKZnR1NFYTA,8/30/2019 4:00,2019,157490,4172,236,0,1243,"The Official Podcast #143: Three Girls, One Day",https://i.ytimg.com/vi/vKZnR1NFYTA/mqdefault.jpg,https://www.youtube.com/watch?v=vKZnR1NFYTA,143," Three Girls, One Day",4408,95
65,oKZ_c-JT2go,8/23/2019 4:00,2019,161267,4742,181,0,1217,The Official Podcast #142: The Official Ten Hottest Men,https://i.ytimg.com/vi/oKZ_c-JT2go/mqdefault.jpg,https://www.youtube.com/watch?v=oKZ_c-JT2go,142, The Official Ten Hottest Men,4923,96
66,Tu3q1e8Wz3c,8/16/2019 4:00,2019,148874,4261,139,0,748,The Official Podcast #141: Chad Circlejerk,https://i.ytimg.com/vi/Tu3q1e8Wz3c/mqdefault.jpg,https://www.youtube.com/watch?v=Tu3q1e8Wz3c,141, Chad Circlejerk,4400,97
67,jGckaXobREk,8/9/2019 4:00,2019,265619,6179,192,0,1034,The Official Podcast #140: Point of Personal Privilege,https://i.ytimg.com/vi/jGckaXobREk/mqdefault.jpg,https://www.youtube.com/watch?v=jGckaXobREk,140, Point of Personal Privilege,6371,97
68,cbimGgSdElM,8/2/2019 4:00,2019,247986,7509,185,0,1283,The Official Podcast #139: What's Happened To Our Hentai?,https://i.ytimg.com/vi/cbimGgSdElM/mqdefault.jpg,https://www.youtube.com/watch?v=cbimGgSdElM,139, What's Happened To Our Hentai?,7694,98
69,4wL_JquGyDU,7/26/2019 4:00,2019,142968,3948,85,0,471,The Official Podcast #138: Hard Turbo on Netflix,https://i.ytimg.com/vi/4wL_JquGyDU/mqdefault.jpg,https://www.youtube.com/watch?v=4wL_JquGyDU,138, Hard Turbo on Netflix,4033,98
70,xKeOc0TzygQ,7/19/2019 4:00,2019,338847,11209,254,0,1707,The Official Podcast #137: Charlie's Legs,https://i.ytimg.com/vi/xKeOc0TzygQ/mqdefault.jpg,https://www.youtube.com/watch?v=xKeOc0TzygQ,137, Charlie's Legs,11463,98
71,hkEwS6QXB-c,7/12/2019 4:00,2019,174312,4793,128,0,632,The Official Podcast #136: Google Lobbering,https://i.ytimg.com/vi/hkEwS6QXB-c/mqdefault.jpg,https://www.youtube.com/watch?v=hkEwS6QXB-c,136, Google Lobbering,4921,97
72,BHf6vSach5g,7/5/2019 4:26,2019,161158,4596,84,0,466,The Official Podcast #135: The Contest,https://i.ytimg.com/vi/BHf6vSach5g/mqdefault.jpg,https://www.youtube.com/watch?v=BHf6vSach5g,135, The Contest,4680,98
73,GrSmZ2qfF-Q,6/28/2019 4:29,2019,243680,7345,198,0,1451,The Official Podcast #134: Yiffcord,https://i.ytimg.com/vi/GrSmZ2qfF-Q/mqdefault.jpg,https://www.youtube.com/watch?v=GrSmZ2qfF-Q,134, Yiffcord,7543,97
74,ulWqvMODckQ,6/21/2019 4:00,2019,128493,3981,85,0,407,The Official Podcast #133 With Jericho,https://i.ytimg.com/vi/ulWqvMODckQ/mqdefault.jpg,https://www.youtube.com/watch?v=ulWqvMODckQ,133,With Jericho,4066,98
75,zs6xuszQwPo,6/14/2019 4:00,2019,257786,7037,237,0,959,The Official Podcast #132: E3 Made Us Hate Games,https://i.ytimg.com/vi/zs6xuszQwPo/mqdefault.jpg,https://www.youtube.com/watch?v=zs6xuszQwPo,132, E3 Made Us Hate Games,7274,97
76,UemhyqurqeI,6/7/2019 4:00,2019,160151,4560,106,0,513,The Official Podcast #131: We Bathe In Milk,https://i.ytimg.com/vi/UemhyqurqeI/mqdefault.jpg,https://www.youtube.com/watch?v=UemhyqurqeI,131, We Bathe In Milk,4666,98
77,dlUEYvVtxqY,5/31/2019 4:00,2019,260551,6235,162,0,812,The Official Podcast #130: Gamers Are Oppressed,https://i.ytimg.com/vi/dlUEYvVtxqY/mqdefault.jpg,https://www.youtube.com/watch?v=dlUEYvVtxqY,130, Gamers Are Oppressed,6397,97
78,ivkbA4H3Pvk,5/24/2019 4:30,2019,152033,3961,167,0,796,The Official Podcast #129: Batwoman Wins The Iron Throne,https://i.ytimg.com/vi/ivkbA4H3Pvk/mqdefault.jpg,https://www.youtube.com/watch?v=ivkbA4H3Pvk,129, Batwoman Wins The Iron Throne,4128,96
79,BGSn4BHHUPM,5/17/2019 4:00,2019,493650,10465,2668,0,3626,The Official Podcast #128: ProJared,https://i.ytimg.com/vi/BGSn4BHHUPM/mqdefault.jpg,https://www.youtube.com/watch?v=BGSn4BHHUPM,128, ProJared,13133,80
80,KoafXGicz4s,5/10/2019 4:00,2019,215207,7172,142,0,580,The Official Podcast #127 With Twomad,https://i.ytimg.com/vi/KoafXGicz4s/mqdefault.jpg,https://www.youtube.com/watch?v=KoafXGicz4s,127,With Twomad,7314,98
81,ShFPOI5u154,5/3/2019 4:00,2019,117105,3184,203,0,777,The Official Podcast #126: The Spoiler Show,https://i.ytimg.com/vi/ShFPOI5u154/mqdefault.jpg,https://www.youtube.com/watch?v=ShFPOI5u154,126, The Spoiler Show,3387,94
82,xXO0r62lZgk,4/26/2019 4:00,2019,98235,2570,67,0,378,The Official Podcast #125 With James Allen McCune,https://i.ytimg.com/vi/xXO0r62lZgk/mqdefault.jpg,https://www.youtube.com/watch?v=xXO0r62lZgk,125,With James Allen McCune,2637,97
83,GqqKZdISVow,4/19/2019 4:00,2019,407963,12965,136,0,873,The Official Podcast #124 With Michael Reeves,https://i.ytimg.com/vi/GqqKZdISVow/mqdefault.jpg,https://www.youtube.com/watch?v=GqqKZdISVow,124,With Michael Reeves,13101,99
84,6fxE8WYfOpw,4/12/2019 4:00,2019,137468,4438,149,0,640,The Official Podcast #123 With ImAlexx,https://i.ytimg.com/vi/6fxE8WYfOpw/mqdefault.jpg,https://www.youtube.com/watch?v=6fxE8WYfOpw,123,With ImAlexx,4587,97
85,QanONiWmraA,4/5/2019 4:00,2019,132750,3712,75,0,336,The Official Podcast #122: The Hype Conductor,https://i.ytimg.com/vi/QanONiWmraA/mqdefault.jpg,https://www.youtube.com/watch?v=QanONiWmraA,122, The Hype Conductor,3787,98
86,uu1ZLwf-STo,3/29/2019 4:00,2019,211517,6167,155,0,597,The Official Podcast #121: The Google Conspiracy,https://i.ytimg.com/vi/uu1ZLwf-STo/mqdefault.jpg,https://www.youtube.com/watch?v=uu1ZLwf-STo,121, The Google Conspiracy,6322,98
87,MY7eA1FwM08,3/22/2019 4:00,2019,377353,14956,150,0,1176,The Official Podcast #120 With CallMeCarson,https://i.ytimg.com/vi/MY7eA1FwM08/mqdefault.jpg,https://www.youtube.com/watch?v=MY7eA1FwM08,120,With CallMeCarson,15106,99
88,MsCQL3bnNg4,3/15/2019 7:28,2019,240629,9920,244,0,1152,The Official Podcast #119 With General Sam,https://i.ytimg.com/vi/MsCQL3bnNg4/mqdefault.jpg,https://www.youtube.com/watch?v=MsCQL3bnNg4,119,With General Sam,10164,98
89,aQYM9B4OoWI,3/8/2019 7:02,2019,141687,3591,73,0,498,The Official Podcast #118: Sweet Dreams (Are Made Of This),https://i.ytimg.com/vi/aQYM9B4OoWI/mqdefault.jpg,https://www.youtube.com/watch?v=aQYM9B4OoWI,118, Sweet Dreams (Are Made Of This),3664,98
90,rSQBVz5yCP4,3/1/2019 5:00,2019,246233,8922,122,0,1308,The Official Podcast #117 With Matt Watson,https://i.ytimg.com/vi/rSQBVz5yCP4/mqdefault.jpg,https://www.youtube.com/watch?v=rSQBVz5yCP4,117,With Matt Watson,9044,99
91,y19a--UwONg,2/22/2019 5:00,2019,115089,3027,57,0,480,The Official Podcast #116: The Golden Oldies,https://i.ytimg.com/vi/y19a--UwONg/mqdefault.jpg,https://www.youtube.com/watch?v=y19a--UwONg,116, The Golden Oldies,3084,98
92,9eHrf8_q9i8,2/15/2019 5:00,2019,135969,5599,99,0,763,The Official Podcast #115 With Quackity,https://i.ytimg.com/vi/9eHrf8_q9i8/mqdefault.jpg,https://www.youtube.com/watch?v=9eHrf8_q9i8,115,With Quackity,5698,98
93,NxpabOieUGc,2/8/2019 5:00,2019,278747,11668,113,0,1687,The Official Podcast #114 With Call Me Kevin,https://i.ytimg.com/vi/NxpabOieUGc/mqdefault.jpg,https://www.youtube.com/watch?v=NxpabOieUGc,114,With Call Me Kevin,11781,99
94,S5Y-B7qIhtA,2/1/2019 5:00,2019,112915,3462,98,0,708,The Official Podcast #113 With ShammyTV,https://i.ytimg.com/vi/S5Y-B7qIhtA/mqdefault.jpg,https://www.youtube.com/watch?v=S5Y-B7qIhtA,113,With ShammyTV,3560,97
95,hud4geAAXwE,1/25/2019 5:00,2019,130756,3466,75,0,463,The Official Podcast #112: Punishing,https://i.ytimg.com/vi/hud4geAAXwE/mqdefault.jpg,https://www.youtube.com/watch?v=hud4geAAXwE,112, Punishing,3541,98
96,mmBd-811r4M,1/18/2019 5:00,2019,151826,4925,104,0,753,The Official Podcast #111 With Gus Johnson,https://i.ytimg.com/vi/mmBd-811r4M/mqdefault.jpg,https://www.youtube.com/watch?v=mmBd-811r4M,111,With Gus Johnson,5029,98
97,gegfAtpJMIM,1/11/2019 5:00,2019,133428,4595,139,0,913,The Official Podcast #110 With Leon Lush,https://i.ytimg.com/vi/gegfAtpJMIM/mqdefault.jpg,https://www.youtube.com/watch?v=gegfAtpJMIM,110,With Leon Lush,4734,97
98,BKDMiVEJEhg,1/4/2019 5:00,2019,204260,5725,193,0,1168,The Official Podcast #109: Flat Earthers Unite,https://i.ytimg.com/vi/BKDMiVEJEhg/mqdefault.jpg,https://www.youtube.com/watch?v=BKDMiVEJEhg,109, Flat Earthers Unite,5918,97
99,b97dBwIfnUo,12/28/2018 5:00,2018,146077,5261,100,0,877,The Official Podcast #108 With Alpharad,https://i.ytimg.com/vi/b97dBwIfnUo/mqdefault.jpg,https://www.youtube.com/watch?v=b97dBwIfnUo,108,With Alpharad,5361,98
100,jmoibC65KCk,12/21/2018 5:00,2018,314525,10849,152,0,1282,The Official Podcast #107 With Raccoon Eggs,https://i.ytimg.com/vi/jmoibC65KCk/mqdefault.jpg,https://www.youtube.com/watch?v=jmoibC65KCk,107,With Raccoon Eggs,11001,99
101,Quu4Zi5vfuQ,12/14/2018 5:00,2018,485374,16565,252,0,1807,The Official Podcast #106 With Pyrocynical,https://i.ytimg.com/vi/Quu4Zi5vfuQ/mqdefault.jpg,https://www.youtube.com/watch?v=Quu4Zi5vfuQ,106,With Pyrocynical,16817,99
102,sL_P4TC8Oco,12/7/2018 5:00,2018,82231,2242,35,0,333,The Official Podcast #105 With Eddy Burback,https://i.ytimg.com/vi/sL_P4TC8Oco/mqdefault.jpg,https://www.youtube.com/watch?v=sL_P4TC8Oco,105,With Eddy Burback,2277,98
103,cIHQWOoJeag,11/30/2018 5:00,2018,158816,4213,97,0,865,The Official Podcast #104: Our Podcast is Shit,https://i.ytimg.com/vi/cIHQWOoJeag/mqdefault.jpg,https://www.youtube.com/watch?v=cIHQWOoJeag,104, Our Podcast is Shit,4310,98
104,3GDTEuxozAU,11/23/2018 5:00,2018,116316,2969,777,0,1456,The Official Podcast #103 With Quinton Reviews,https://i.ytimg.com/vi/3GDTEuxozAU/mqdefault.jpg,https://www.youtube.com/watch?v=3GDTEuxozAU,103,With Quinton Reviews,3746,79
105,SN86enyFQNc,11/16/2018 5:00,2018,108365,2695,75,0,491,The Official Podcast #102: Mike Retondo | The Nice Guy,https://i.ytimg.com/vi/SN86enyFQNc/mqdefault.jpg,https://www.youtube.com/watch?v=SN86enyFQNc,102, Mike Retondo | The Nice Guy,2770,97
106,LUl5JBYvWGo,11/9/2018 5:00,2018,182862,4686,140,0,756,"The Official Podcast #101: You Have A Phone, Don't You",https://i.ytimg.com/vi/LUl5JBYvWGo/mqdefault.jpg,https://www.youtube.com/watch?v=LUl5JBYvWGo,101," You Have A Phone, Don't You",4826,97
107,TnNFh5nsfKA,11/2/2018 4:00,2018,216981,8204,116,0,1033,The Official Podcast #100: How Charlie Met Kaya,https://i.ytimg.com/vi/TnNFh5nsfKA/mqdefault.jpg,https://www.youtube.com/watch?v=TnNFh5nsfKA,100, How Charlie Met Kaya,8320,99
108,1c68pG9PUiA,10/26/2018 4:00,2018,221859,8554,112,0,1092,The Official Podcast #99 With UberHaxorNova,https://i.ytimg.com/vi/1c68pG9PUiA/mqdefault.jpg,https://www.youtube.com/watch?v=1c68pG9PUiA,99,With UberHaxorNova,8666,99
109,gXbm69S_XM4,10/19/2018 4:00,2018,173904,5926,84,0,853,The Official Podcast #98 With Jacksfilms,https://i.ytimg.com/vi/gXbm69S_XM4/mqdefault.jpg,https://www.youtube.com/watch?v=gXbm69S_XM4,98,With Jacksfilms,6010,99
110,_QrYNGPbLjY,10/12/2018 4:00,2018,247087,7525,165,0,839,The Official Podcast #97 With Fitz,https://i.ytimg.com/vi/_QrYNGPbLjY/mqdefault.jpg,https://www.youtube.com/watch?v=_QrYNGPbLjY,97,With Fitz,7690,98
111,f6SQSJucJZ8,10/5/2018 4:00,2018,87612,2530,65,0,484,The Official Podcast #96 With Daniel Sloss,https://i.ytimg.com/vi/f6SQSJucJZ8/mqdefault.jpg,https://www.youtube.com/watch?v=f6SQSJucJZ8,96,With Daniel Sloss,2595,97
112,su2s6_HncuU,9/28/2018 4:00,2018,175151,4144,99,0,519,The Official Podcast #95: A Bit Embarrassing,https://i.ytimg.com/vi/su2s6_HncuU/mqdefault.jpg,https://www.youtube.com/watch?v=su2s6_HncuU,95, A Bit Embarrassing,4243,98
113,GUGkvo2Jb8g,9/21/2018 4:00,2018,123891,3394,53,0,532,The Official Podcast #94 With Harley Morenstein,https://i.ytimg.com/vi/GUGkvo2Jb8g/mqdefault.jpg,https://www.youtube.com/watch?v=GUGkvo2Jb8g,94,With Harley Morenstein,3447,98
114,LT0NTkXEJH0,9/14/2018 4:00,2018,372397,13488,190,0,1252,The Official Podcast #93 With Swaggersouls,https://i.ytimg.com/vi/LT0NTkXEJH0/mqdefault.jpg,https://www.youtube.com/watch?v=LT0NTkXEJH0,93,With Swaggersouls,13678,99
115,DK6CID-ZTKE,9/7/2018 4:00,2018,160647,5001,83,0,920,The Official Podcast #92 With Ralphthemoviemaker,https://i.ytimg.com/vi/DK6CID-ZTKE/mqdefault.jpg,https://www.youtube.com/watch?v=DK6CID-ZTKE,92,With Ralphthemoviemaker,5084,98
116,t4Xp5j0_-K4,8/31/2018 4:00,2018,86716,2358,50,0,441,The Official Podcast #91 With Tom Papa,https://i.ytimg.com/vi/t4Xp5j0_-K4/mqdefault.jpg,https://www.youtube.com/watch?v=t4Xp5j0_-K4,91,With Tom Papa,2408,98
117,OnygkAP_WwA,8/24/2018 4:00,2018,200695,6922,113,0,1252,The Official Podcast #90 With Memeulous,https://i.ytimg.com/vi/OnygkAP_WwA/mqdefault.jpg,https://www.youtube.com/watch?v=OnygkAP_WwA,90,With Memeulous,7035,98
118,33kAg_fXxAI,8/17/2018 4:00,2018,220409,7899,122,0,1144,The Official Podcast #89 With TierZoo,https://i.ytimg.com/vi/33kAg_fXxAI/mqdefault.jpg,https://www.youtube.com/watch?v=33kAg_fXxAI,89,With TierZoo,8021,98
119,Egz-QALnalw,8/10/2018 4:00,2018,404653,14644,118,0,2499,The Official Podcast #88: Casino Royale,https://i.ytimg.com/vi/Egz-QALnalw/mqdefault.jpg,https://www.youtube.com/watch?v=Egz-QALnalw,88, Casino Royale,14762,99
120,G4nPyOIpC3o,8/3/2018 4:00,2018,267137,8035,209,0,1607,The Official Podcast #87 With MrBeast,https://i.ytimg.com/vi/G4nPyOIpC3o/mqdefault.jpg,https://www.youtube.com/watch?v=G4nPyOIpC3o,87,With MrBeast,8244,97
121,if5_TiZNtC4,7/27/2018 4:00,2018,124691,3693,73,0,582,The Official Podcast #86 With Logan Marshall-Green,https://i.ytimg.com/vi/if5_TiZNtC4/mqdefault.jpg,https://www.youtube.com/watch?v=if5_TiZNtC4,86,With Logan Marshall-Green,3766,98
122,bea9SKogT3g,7/20/2018 4:00,2018,438945,18514,398,0,3145,The Official Podcast #85 With Notch,https://i.ytimg.com/vi/bea9SKogT3g/mqdefault.jpg,https://www.youtube.com/watch?v=bea9SKogT3g,85,With Notch,18912,98
123,oElFMvYEyEY,7/13/2018 4:00,2018,203503,5575,117,0,877,The Official Podcast #84 With Internet Comment Etiquette Erik,https://i.ytimg.com/vi/oElFMvYEyEY/mqdefault.jpg,https://www.youtube.com/watch?v=oElFMvYEyEY,84,With Internet Comment Etiquette Erik,5692,98
124,bNaAQQlel_Y,7/6/2018 4:00,2018,195217,6888,162,0,1469,The Official Podcast #83 With David Cross,https://i.ytimg.com/vi/bNaAQQlel_Y/mqdefault.jpg,https://www.youtube.com/watch?v=bNaAQQlel_Y,83,With David Cross,7050,98
125,sjsG4Rpw2TA,6/29/2018 4:00,2018,284770,5657,137,0,952,The Official Podcast #82: Getting To Know Your Child,https://i.ytimg.com/vi/sjsG4Rpw2TA/mqdefault.jpg,https://www.youtube.com/watch?v=sjsG4Rpw2TA,82, Getting To Know Your Child,5794,98
126,FMfzNkOAbcI,6/22/2018 4:00,2018,244497,8171,102,0,1278,The Official Podcast #81 With Jerma985,https://i.ytimg.com/vi/FMfzNkOAbcI/mqdefault.jpg,https://www.youtube.com/watch?v=FMfzNkOAbcI,81,With Jerma985,8273,99
127,Y4GFX6wcJXM,6/15/2018 4:00,2018,251780,8238,175,0,1507,The Official Podcast #80 With NetNobody/SkyDoesMinecraft,https://i.ytimg.com/vi/Y4GFX6wcJXM/mqdefault.jpg,https://www.youtube.com/watch?v=Y4GFX6wcJXM,80,With NetNobody/SkyDoesMinecraft,8413,98
128,U0hEz_0b590,6/8/2018 4:00,2018,300068,7876,168,0,851,The Official Podcast #79 With Casually Explained,https://i.ytimg.com/vi/U0hEz_0b590/mqdefault.jpg,https://www.youtube.com/watch?v=U0hEz_0b590,79,With Casually Explained,8044,98
129,ekXOGIu61aQ,6/1/2018 4:00,2018,257457,5183,212,0,933,The Official Podcast #78: Stan Lee and the Naked Thanos,https://i.ytimg.com/vi/ekXOGIu61aQ/mqdefault.jpg,https://www.youtube.com/watch?v=ekXOGIu61aQ,78, Stan Lee and the Naked Thanos,5395,96
130,43bQOSP_jpI,5/25/2018 4:00,2018,340481,10367,410,0,1471,The Official Podcast #77 With Count Dankula,https://i.ytimg.com/vi/43bQOSP_jpI/mqdefault.jpg,https://www.youtube.com/watch?v=43bQOSP_jpI,77,With Count Dankula,10777,96
131,Q6B3oH-RX3Q,5/18/2018 4:00,2018,206116,4613,109,0,643,The Official Podcast #76 With Explosm Kris Wilson,https://i.ytimg.com/vi/Q6B3oH-RX3Q/mqdefault.jpg,https://www.youtube.com/watch?v=Q6B3oH-RX3Q,76,With Explosm Kris Wilson,4722,98
132,aruZbswVJ0w,5/11/2018 4:00,2018,116957,3888,72,0,520,The Official Podcast #75 With Wheeler Walker Jr.,https://i.ytimg.com/vi/aruZbswVJ0w/mqdefault.jpg,https://www.youtube.com/watch?v=aruZbswVJ0w,75,With Wheeler Walker Jr.,3960,98
133,OVDMjqvMoXc,5/4/2018 4:00,2018,282552,8501,205,0,1198,The Official Podcast #74 With Anthony Fantano,https://i.ytimg.com/vi/OVDMjqvMoXc/mqdefault.jpg,https://www.youtube.com/watch?v=OVDMjqvMoXc,74,With Anthony Fantano,8706,98
134,0ZGqgtZk0Bw,4/27/2018 4:00,2018,583697,7801,375,0,1252,The Official Podcast #73: Hunting Bullies,https://i.ytimg.com/vi/0ZGqgtZk0Bw/mqdefault.jpg,https://www.youtube.com/watch?v=0ZGqgtZk0Bw,73, Hunting Bullies,8176,95
135,BJJbLgzTjho,4/20/2018 4:00,2018,360319,13173,148,0,1722,The Official Podcast #72 With Sam O'Nella,https://i.ytimg.com/vi/BJJbLgzTjho/mqdefault.jpg,https://www.youtube.com/watch?v=BJJbLgzTjho,72,With Sam O'Nella,13321,99
136,CC9_wWsne1A,4/15/2018 3:55,2018,279238,6364,206,0,1110,The Official Podcast #71 With Chris Ray Gun,https://i.ytimg.com/vi/CC9_wWsne1A/mqdefault.jpg,https://www.youtube.com/watch?v=CC9_wWsne1A,71,With Chris Ray Gun,6570,97
137,WCKFV5S_nOs,4/13/2018 4:00,2018,333804,9655,189,0,1223,The Official Podcast #70 With NakeyJakey,https://i.ytimg.com/vi/WCKFV5S_nOs/mqdefault.jpg,https://www.youtube.com/watch?v=WCKFV5S_nOs,70,With NakeyJakey,9844,98
138,KMF92wtYp1U,4/6/2018 4:00,2018,204257,4457,110,0,916,The Official Podcast #69: Lemniscoop,https://i.ytimg.com/vi/KMF92wtYp1U/mqdefault.jpg,https://www.youtube.com/watch?v=KMF92wtYp1U,69, Lemniscoop,4567,98
139,_8_X7SqRz98,3/30/2018 4:00,2018,307581,5342,332,0,1700,The Official Podcast #68: Jurassic Passions,https://i.ytimg.com/vi/_8_X7SqRz98/mqdefault.jpg,https://www.youtube.com/watch?v=_8_X7SqRz98,68, Jurassic Passions,5674,94
140,N7GKZpn-KvM,3/23/2018 4:00,2018,388806,10729,256,0,1565,The Official Podcast #67 With Gibi ASMR,https://i.ytimg.com/vi/N7GKZpn-KvM/mqdefault.jpg,https://www.youtube.com/watch?v=N7GKZpn-KvM,67,With Gibi ASMR,10985,98
141,Dlji_UUJOao,3/16/2018 4:00,2018,231360,6361,291,0,1012,The Official Podcast #66 With Boogie2988,https://i.ytimg.com/vi/Dlji_UUJOao/mqdefault.jpg,https://www.youtube.com/watch?v=Dlji_UUJOao,66,With Boogie2988,6652,96
142,CvoYFlFpQvY,3/9/2018 5:00,2018,265987,5878,162,0,876,The Official Podcast #65: Sword Fighting,https://i.ytimg.com/vi/CvoYFlFpQvY/mqdefault.jpg,https://www.youtube.com/watch?v=CvoYFlFpQvY,65, Sword Fighting,6040,97
143,1XrzDWK4eWA,3/2/2018 5:00,2018,435598,14774,185,0,1718,The Official Podcast #64 With Noah Munck,https://i.ytimg.com/vi/1XrzDWK4eWA/mqdefault.jpg,https://www.youtube.com/watch?v=1XrzDWK4eWA,64,With Noah Munck,14959,99
144,eH7HffpcssA,2/23/2018 5:00,2018,259816,5276,173,0,1083,The Official Podcast #63: We Clone Ourselves,https://i.ytimg.com/vi/eH7HffpcssA/mqdefault.jpg,https://www.youtube.com/watch?v=eH7HffpcssA,63, We Clone Ourselves,5449,97
145,722YI4NGNnc,2/15/2018 23:09,2018,256786,5120,143,0,772,The Official Podcast #62: Ancient Shitposting,https://i.ytimg.com/vi/722YI4NGNnc/mqdefault.jpg,https://www.youtube.com/watch?v=722YI4NGNnc,62, Ancient Shitposting,5263,97
146,_Z6Dc2_IBQw,2/9/2018 5:00,2018,152817,3417,60,0,612,The Official Podcast #61 With Ray Narvaez Jr Part 2,https://i.ytimg.com/vi/_Z6Dc2_IBQw/mqdefault.jpg,https://www.youtube.com/watch?v=_Z6Dc2_IBQw,61,With Ray Narvaez Jr Part 2,3477,98
147,96-1a5DTqkM,2/2/2018 5:00,2018,589473,17770,477,0,2046,The Official Podcast #60 With h3h3Productions,https://i.ytimg.com/vi/96-1a5DTqkM/mqdefault.jpg,https://www.youtube.com/watch?v=96-1a5DTqkM,60,With h3h3Productions,18247,97
148,t-Cd23SLBmI,1/26/2018 5:00,2018,287770,5963,130,0,970,The Official Podcast #59: The Official Island,https://i.ytimg.com/vi/t-Cd23SLBmI/mqdefault.jpg,https://www.youtube.com/watch?v=t-Cd23SLBmI,59, The Official Island,6093,98
149,hY46xchol14,1/19/2018 5:00,2018,366835,11204,261,0,1428,The Official Podcast #58 With Egoraptor,https://i.ytimg.com/vi/hY46xchol14/mqdefault.jpg,https://www.youtube.com/watch?v=hY46xchol14,58,With Egoraptor,11465,98
150,N3YGyuS7qzc,1/12/2018 5:00,2018,147926,3811,103,0,686,The Official Podcast #57 With Pogo,https://i.ytimg.com/vi/N3YGyuS7qzc/mqdefault.jpg,https://www.youtube.com/watch?v=N3YGyuS7qzc,57,With Pogo,3914,97
151,SOet7kXV7bg,1/5/2018 5:41,2018,191267,4436,92,0,629,The Official Podcast #56 With MowtenDoo,https://i.ytimg.com/vi/SOet7kXV7bg/mqdefault.jpg,https://www.youtube.com/watch?v=SOet7kXV7bg,56,With MowtenDoo,4528,98
152,COTDboSLuYo,12/29/2017 5:00,2017,699816,23321,367,0,2178,The Official Podcast #55 With Dunkey,https://i.ytimg.com/vi/COTDboSLuYo/mqdefault.jpg,https://www.youtube.com/watch?v=COTDboSLuYo,55,With Dunkey,23688,98
153,KfgKqpx4DvQ,12/22/2017 5:00,2017,347930,9201,171,0,1010,The Official Podcast #54 With Tiana,https://i.ytimg.com/vi/KfgKqpx4DvQ/mqdefault.jpg,https://www.youtube.com/watch?v=KfgKqpx4DvQ,54,With Tiana,9372,98
154,HtteBzNXI7I,12/15/2017 7:00,2017,219831,5110,109,0,582,The Official Podcast #53: My Knees,https://i.ytimg.com/vi/HtteBzNXI7I/mqdefault.jpg,https://www.youtube.com/watch?v=HtteBzNXI7I,53, My Knees,5219,98
155,gZSVqCuQPHQ,12/8/2017 7:00,2017,211371,6727,107,0,1051,The Official Podcast #52: One Year Anniversary,https://i.ytimg.com/vi/gZSVqCuQPHQ/mqdefault.jpg,https://www.youtube.com/watch?v=gZSVqCuQPHQ,52, One Year Anniversary,6834,98
156,Wf6q8KWo-XU,12/1/2017 7:00,2017,265020,5737,219,0,1287,The Official Podcast #51: Getting Sued by Maddox,https://i.ytimg.com/vi/Wf6q8KWo-XU/mqdefault.jpg,https://www.youtube.com/watch?v=Wf6q8KWo-XU,51, Getting Sued by Maddox,5956,96
157,3B_i2JP_eEE,11/24/2017 7:00,2017,1222864,34235,782,0,4394,The Official Podcast #50 With Idubbbz,https://i.ytimg.com/vi/3B_i2JP_eEE/mqdefault.jpg,https://www.youtube.com/watch?v=3B_i2JP_eEE,50,With Idubbbz,35017,98
158,0a9olQR4-10,11/17/2017 7:16,2017,163309,4117,85,0,706,The Official Podcast #49 With Ricepirate,https://i.ytimg.com/vi/0a9olQR4-10/mqdefault.jpg,https://www.youtube.com/watch?v=0a9olQR4-10,49,With Ricepirate,4202,98
159,#NAME?,11/10/2017 7:00,2017,213573,5755,285,0,816,The Official Podcast #48 With ProZD,https://i.ytimg.com/vi/-bZoCeVmd74/mqdefault.jpg,https://www.youtube.com/watch?v=-bZoCeVmd74,48,With ProZD,6040,95
160,Lsm-JJC1VoM,11/3/2017 6:00,2017,254418,4951,125,0,652,The Official Podcast #47: Uncovering the Tampa Bay Killer,https://i.ytimg.com/vi/Lsm-JJC1VoM/mqdefault.jpg,https://www.youtube.com/watch?v=Lsm-JJC1VoM,47, Uncovering the Tampa Bay Killer,5076,98
161,_Z9Osqe9aE8,10/27/2017 6:00,2017,136209,4392,789,0,1517,The Official Podcast #46 With Kickboxing Champion Andrew Tate,https://i.ytimg.com/vi/_Z9Osqe9aE8/mqdefault.jpg,https://www.youtube.com/watch?v=_Z9Osqe9aE8,46,With Kickboxing Champion Andrew Tate,5181,85
162,3aI88FCS9yg,10/20/2017 6:00,2017,147737,3573,91,0,490,The Official Podcast #45: We're Live,https://i.ytimg.com/vi/3aI88FCS9yg/mqdefault.jpg,https://www.youtube.com/watch?v=3aI88FCS9yg,45, We're Live,3664,98
163,k8eWUr1oBDM,10/13/2017 6:00,2017,164170,4841,205,0,764,The Official Podcast #44 With Dick Masterson,https://i.ytimg.com/vi/k8eWUr1oBDM/mqdefault.jpg,https://www.youtube.com/watch?v=k8eWUr1oBDM,44,With Dick Masterson,5046,96
164,YrEPYOnDaR0,10/6/2017 6:00,2017,194990,5444,70,0,553,The Official Podcast #43 With Famous Actor James Allen McCune,https://i.ytimg.com/vi/YrEPYOnDaR0/mqdefault.jpg,https://www.youtube.com/watch?v=YrEPYOnDaR0,43,With Famous Actor James Allen McCune,5514,99
165,cJt9Zje2rzo,9/29/2017 7:12,2017,209744,4604,104,0,532,The Official Podcast #42: The Baby's Choice Awards,https://i.ytimg.com/vi/cJt9Zje2rzo/mqdefault.jpg,https://www.youtube.com/watch?v=cJt9Zje2rzo,42, The Baby's Choice Awards,4708,98
166,VLlMfVbZmEY,9/22/2017 6:00,2017,321932,10503,2035,0,2326,The Official Podcast #41 With Keemstar,https://i.ytimg.com/vi/VLlMfVbZmEY/mqdefault.jpg,https://www.youtube.com/watch?v=VLlMfVbZmEY,41,With Keemstar,12538,84
167,j4ue90VEGWw,9/15/2017 6:00,2017,185357,4530,113,0,590,The Official Podcast #40: Surviving Irma,https://i.ytimg.com/vi/j4ue90VEGWw/mqdefault.jpg,https://www.youtube.com/watch?v=j4ue90VEGWw,40, Surviving Irma,4643,98
168,JdDpEPEQOlQ,9/8/2017 6:00,2017,236826,7670,65,0,718,The Official Podcast #39 With Mr. Sark,https://i.ytimg.com/vi/JdDpEPEQOlQ/mqdefault.jpg,https://www.youtube.com/watch?v=JdDpEPEQOlQ,39,With Mr. Sark,7735,99
169,4CUfcRTaiQE,9/1/2017 6:00,2017,150319,3861,148,0,533,The Official Podcast #38 With Dyrus,https://i.ytimg.com/vi/4CUfcRTaiQE/mqdefault.jpg,https://www.youtube.com/watch?v=4CUfcRTaiQE,38,With Dyrus,4009,96
170,xlY81lvaq48,8/25/2017 6:00,2017,309142,6259,235,0,1038,The Official Podcast #37: Woah,https://i.ytimg.com/vi/xlY81lvaq48/mqdefault.jpg,https://www.youtube.com/watch?v=xlY81lvaq48,37, Woah,6494,96
171,uba-qFYxsGI,8/18/2017 6:00,2017,438243,10915,232,0,1343,The Official Podcast #36 With OneyNG,https://i.ytimg.com/vi/uba-qFYxsGI/mqdefault.jpg,https://www.youtube.com/watch?v=uba-qFYxsGI,36,With OneyNG,11147,98
172,FAVmKDOPXII,8/11/2017 22:47,2017,174430,4062,96,0,534,The Official Podcast #35: Answering More Questions,https://i.ytimg.com/vi/FAVmKDOPXII/mqdefault.jpg,https://www.youtube.com/watch?v=FAVmKDOPXII,35, Answering More Questions,4158,98
173,n1UEBEtzscA,8/4/2017 6:30,2017,243791,6234,113,0,1134,The Official Podcast #34 With Ross O'Donovan,https://i.ytimg.com/vi/n1UEBEtzscA/mqdefault.jpg,https://www.youtube.com/watch?v=n1UEBEtzscA,34,With Ross O'Donovan,6347,98
174,1XkUBQo3oT8,7/28/2017 6:00,2017,273723,8258,114,0,1327,The Official Podcast #33 With Vinny Vinesauce,https://i.ytimg.com/vi/1XkUBQo3oT8/mqdefault.jpg,https://www.youtube.com/watch?v=1XkUBQo3oT8,33,With Vinny Vinesauce,8372,99
175,X99Tq4DnwVc,7/21/2017 6:00,2017,243568,6288,93,0,847,The Official Podcast #32: Frequently Asked Questions,https://i.ytimg.com/vi/X99Tq4DnwVc/mqdefault.jpg,https://www.youtube.com/watch?v=X99Tq4DnwVc,32, Frequently Asked Questions,6381,99
176,yh9MppJ7Ys0,7/14/2017 6:00,2017,211859,4557,174,0,871,"The Official Podcast #31 With Newgrounds Legend, The Swain",https://i.ytimg.com/vi/yh9MppJ7Ys0/mqdefault.jpg,https://www.youtube.com/watch?v=yh9MppJ7Ys0,31,"With Newgrounds Legend, The Swain",4731,96
177,Pigz_mGIias,7/7/2017 6:00,2017,226011,6192,166,0,1253,The Official Podcast #30 With Hellbent,https://i.ytimg.com/vi/Pigz_mGIias/mqdefault.jpg,https://www.youtube.com/watch?v=Pigz_mGIias,30,With Hellbent,6358,97
178,syeVup9y1io,6/30/2017 6:00,2017,222367,4744,102,0,608,The Official Podcast #29: Magic of Cartoons,https://i.ytimg.com/vi/syeVup9y1io/mqdefault.jpg,https://www.youtube.com/watch?v=syeVup9y1io,29, Magic of Cartoons,4846,98
179,wxfwbH_nE3o,6/23/2017 6:00,2017,335850,9534,165,0,1032,The Official Podcast #28 With Jacksepticeye Part 2,https://i.ytimg.com/vi/wxfwbH_nE3o/mqdefault.jpg,https://www.youtube.com/watch?v=wxfwbH_nE3o,28,With Jacksepticeye Part 2,9699,98
180,6sPlm_E4BGY,6/16/2017 6:00,2017,211654,4457,205,0,963,The Official Podcast #27: E3 Commentary,https://i.ytimg.com/vi/6sPlm_E4BGY/mqdefault.jpg,https://www.youtube.com/watch?v=6sPlm_E4BGY,27, E3 Commentary,4662,96
181,cObxgQ2HE1I,6/9/2017 6:00,2017,721155,16938,317,0,1616,The Official Podcast #26 With Psychicpebbles,https://i.ytimg.com/vi/cObxgQ2HE1I/mqdefault.jpg,https://www.youtube.com/watch?v=cObxgQ2HE1I,26,With Psychicpebbles,17255,98
182,x-zjT7-iWss,6/2/2017 6:00,2017,329443,9618,150,0,1482,The Official Podcast #25: Drunk Podcast,https://i.ytimg.com/vi/x-zjT7-iWss/mqdefault.jpg,https://www.youtube.com/watch?v=x-zjT7-iWss,25, Drunk Podcast,9768,98
183,5BUHAuy3_5o,5/26/2017 6:00,2017,349636,7994,132,0,1048,The Official Podcast #24 With I Hate Everything Again,https://i.ytimg.com/vi/5BUHAuy3_5o/mqdefault.jpg,https://www.youtube.com/watch?v=5BUHAuy3_5o,24,With I Hate Everything Again,8126,98
184,7RuLZ5MiwlI,5/19/2017 6:00,2017,213707,5467,189,0,945,The Official Podcast #23: The Phantom of the Podcast,https://i.ytimg.com/vi/7RuLZ5MiwlI/mqdefault.jpg,https://www.youtube.com/watch?v=7RuLZ5MiwlI,23, The Phantom of the Podcast,5656,97
185,GfQ6ZRedRao,5/12/2017 6:00,2017,337884,9745,126,0,1023,The Official Podcast #22 With Cry,https://i.ytimg.com/vi/GfQ6ZRedRao/mqdefault.jpg,https://www.youtube.com/watch?v=GfQ6ZRedRao,22,With Cry,9871,99
186,Lmopw40RmaE,5/5/2017 6:00,2017,1496908,54229,840,0,4081,The Official Podcast #21 With PewDiePie,https://i.ytimg.com/vi/Lmopw40RmaE/mqdefault.jpg,https://www.youtube.com/watch?v=Lmopw40RmaE,21,With PewDiePie,55069,98
187,zr_5kiP6oHg,4/28/2017 6:00,2017,321712,9603,133,0,827,The Official Podcast #20 With I Am Wildcat,https://i.ytimg.com/vi/zr_5kiP6oHg/mqdefault.jpg,https://www.youtube.com/watch?v=zr_5kiP6oHg,20,With I Am Wildcat,9736,99
188,9dOYkKmRsRE,4/21/2017 6:00,2017,265259,6394,257,0,1053,The Official Podcast #19: Bioshock Infowars,https://i.ytimg.com/vi/9dOYkKmRsRE/mqdefault.jpg,https://www.youtube.com/watch?v=9dOYkKmRsRE,19, Bioshock Infowars,6651,96
189,GwnjOWJbhns,4/14/2017 6:00,2017,299086,8594,129,0,1021,The Official Podcast #18 With ImmortalHD,https://i.ytimg.com/vi/GwnjOWJbhns/mqdefault.jpg,https://www.youtube.com/watch?v=GwnjOWJbhns,18,With ImmortalHD,8723,99
190,0my9nPk_UZc,4/7/2017 6:00,2017,263351,6598,124,0,878,The Official Podcast #17 With Ozzy Man Reviews,https://i.ytimg.com/vi/0my9nPk_UZc/mqdefault.jpg,https://www.youtube.com/watch?v=0my9nPk_UZc,17,With Ozzy Man Reviews,6722,98
191,36k8UMenlmM,3/31/2017 6:00,2017,276958,8817,120,0,821,The Official Podcast #16 With Funhaus,https://i.ytimg.com/vi/36k8UMenlmM/mqdefault.jpg,https://www.youtube.com/watch?v=36k8UMenlmM,16,With Funhaus,8937,99
192,XDg5EIddsZg,3/24/2017 6:00,2017,313756,9420,220,0,1367,The Official Podcast #15 With Your Movie Sucks,https://i.ytimg.com/vi/XDg5EIddsZg/mqdefault.jpg,https://www.youtube.com/watch?v=XDg5EIddsZg,15,With Your Movie Sucks,9640,98
193,BrqLtIevKaM,3/17/2017 6:00,2017,151534,4778,73,0,566,The Official Podcast #14 With Davyforce and Ray Narvaez Jr.,https://i.ytimg.com/vi/BrqLtIevKaM/mqdefault.jpg,https://www.youtube.com/watch?v=BrqLtIevKaM,14,With Davyforce and Ray Narvaez Jr.,4851,98
194,x_-ybASmqtk,3/10/2017 7:01,2017,341024,9662,139,0,941,The Official Podcast #13 With Ray Narvaez Jr.,https://i.ytimg.com/vi/x_-ybASmqtk/mqdefault.jpg,https://www.youtube.com/watch?v=x_-ybASmqtk,13,With Ray Narvaez Jr.,9801,99
195,kokmob3_5Y0,3/3/2017 8:34,2017,350756,9118,152,0,1026,The Official Podcast #12: The Great Emu War,https://i.ytimg.com/vi/kokmob3_5Y0/mqdefault.jpg,https://www.youtube.com/watch?v=kokmob3_5Y0,12, The Great Emu War,9270,98
196,ddxJHEOKysw,2/24/2017 7:00,2017,616140,21890,386,0,2336,The Official Podcast #11 With Jacksepticeye,https://i.ytimg.com/vi/ddxJHEOKysw/mqdefault.jpg,https://www.youtube.com/watch?v=ddxJHEOKysw,11,With Jacksepticeye,22276,98
197,1ujhNb4rP04,2/17/2017 7:00,2017,415708,10958,161,0,1120,The Official Podcast #10 With Criken and I Hate Everything,https://i.ytimg.com/vi/1ujhNb4rP04/mqdefault.jpg,https://www.youtube.com/watch?v=1ujhNb4rP04,10,With Criken and I Hate Everything,11119,99
198,dZ_1RLAJjR8,2/10/2017 7:00,2017,463148,13046,183,0,1123,The Official Podcast #9 With I Hate Everything,https://i.ytimg.com/vi/dZ_1RLAJjR8/mqdefault.jpg,https://www.youtube.com/watch?v=dZ_1RLAJjR8,9,With I Hate Everything,13229,99
199,Xwf_JU3zehQ,2/3/2017 7:00,2017,265889,6647,91,0,815,The Official Podcast #8: Jason New Bourne,https://i.ytimg.com/vi/Xwf_JU3zehQ/mqdefault.jpg,https://www.youtube.com/watch?v=Xwf_JU3zehQ,8, Jason New Bourne,6738,99
200,Adtfu4ICdyg,1/27/2017 7:00,2017,321809,7708,101,0,807,The Official Podcast #7: Naked Dumpster Diving,https://i.ytimg.com/vi/Adtfu4ICdyg/mqdefault.jpg,https://www.youtube.com/watch?v=Adtfu4ICdyg,7, Naked Dumpster Diving,7809,99
201,rFQL4Dz_r50,1/20/2017 7:00,2017,293359,7731,134,0,818,The Official Podcast #6: Pepper Parade,https://i.ytimg.com/vi/rFQL4Dz_r50/mqdefault.jpg,https://www.youtube.com/watch?v=rFQL4Dz_r50,6, Pepper Parade,7865,98
202,Fft2c4Coj3M,1/13/2017 7:00,2017,309667,8168,138,0,1259,The Official Podcast #5: Is Anime Modern Art?,https://i.ytimg.com/vi/Fft2c4Coj3M/mqdefault.jpg,https://www.youtube.com/watch?v=Fft2c4Coj3M,5, Is Anime Modern Art?,8306,98
203,odGRKmqeZok,1/5/2017 6:41,2017,318648,7708,168,0,1083,The Official Podcast #4: Kinky Star Wars Minecraft,https://i.ytimg.com/vi/odGRKmqeZok/mqdefault.jpg,https://www.youtube.com/watch?v=odGRKmqeZok,4, Kinky Star Wars Minecraft,7876,98
204,8iKQy_cabII,12/29/2016 5:36,2016,323773,8222,104,0,913,The Official Podcast #3: Wildest Dreams,https://i.ytimg.com/vi/8iKQy_cabII/mqdefault.jpg,https://www.youtube.com/watch?v=8iKQy_cabII,3, Wildest Dreams,8326,99
205,CNkfs5Zw0Hg,12/21/2016 6:38,2016,346487,9155,244,0,1287,The Official Podcast #2: How Darth Vader Met Rogue One,https://i.ytimg.com/vi/CNkfs5Zw0Hg/mqdefault.jpg,https://www.youtube.com/watch?v=CNkfs5Zw0Hg,2, How Darth Vader Met Rogue One,9399,97
206,bbfXJQofDpA,12/14/2016 6:22,2016,677406,18716,233,0,2199,The Official Podcast #1: Biblical Questions,https://i.ytimg.com/vi/bbfXJQofDpA/mqdefault.jpg,https://www.youtube.com/watch?v=bbfXJQofDpA,1, Biblical Questions,18949,99
